[
	{
		"Key": "Investment_2100",
		"Order": "1",
		"Logic": "withColumn(\"total_invested_amt\", col(\"total_invested_amt\").cast(\"Decimal(30,2)\"))"
	},
	{
		"Key": "Investment_2100",
		"Order": "2",
		"Logic": "withColumn(\"total_current_amt\", col(\"total_current_amt\").cast(\"Decimal(30,2)\"))"
	},
	{
		"Key": "Investment_2100",
		"Order": "3",
		"Logic": "withColumn(\"mutualFund\", to_json(struct(col(\"total_invested_amt\").alias(\"totalInvestedAmount\"), col(\"total_current_amt\").alias(\"totalCurrentAmount\"))))"
	},
	{
		"Key": "Investment_2100",
		"Order": "4",
		"Logic": "select(\"cust_id\", \"event_id\",\"operation\",\"mutualFund\")"
	},
	{
		"Key": "MF_2102",
		"Order": "1",
		"Logic": "withColumn(\"sipExpiry\", to_json(struct(to_date(col(\"expiry_date\")).alias(\"expiryDate\"),col(\"trans_amt\").cast(\"Decimal(30,2)\").alias(\"totalSIPAmountDue\"),col(\"fund_name\").alias(\"fundName\"))))"
	},
	{
		"Key": "MF_2102",
		"Order": "2",
		"Logic": "select(\"cust_id\", \"event_id\", \"sipExpiry\",\"operation\")"
	},

	{
		"Key": "Spends",
		"Order": "1",
		"Logic": "withColumn(\"plu_Avg_Amount_Last_5Months\", col(\"plu_Avg_Amount_Last_5Months\").cast(\"Decimal(30,2)\"))"
	},
	{
		"Key": "Spends",
		"Order": "2",
		"Logic": "withColumn(\"plu_Current_Month_Spends\", col(\"plu_Current_Month_Spends\").cast(\"Decimal(30,2)\"))"
	},
	{
		"Key": "Spends",
		"Order": "3",
		"Logic": "withColumn(\"plu_cat_Avg_Amount_Last_5Months\", col(\"plu_cat_Avg_Amount_Last_5Months\").cast(\"Decimal(30,2)\"))"
	},
	{
		"Key": "Spends",
		"Order": "4",
		"Logic": "withColumn(\"plu_cat_Current_Month_Spends\", col(\"plu_cat_Current_Month_Spends\").cast(\"Decimal(30,2)\"))"
	},
	{
		"Key": "Spends",
		"Order": "5",
		"Logic": "withColumn(\"plu_subcat_Avg_Amount_Last_5Months\", col(\"plu_subcat_Avg_Amount_Last_5Months\").cast(\"Decimal(30,2)\"))"
	},
	{
		"Key": "Spends",
		"Order": "6",
		"Logic": "withColumn(\"key\", upper(col(\"key\")))"
	},
	{
		"Key": "Spends",
		"Order": "7",
		"Logic": "filter(col(\"operation\") != lit(\"D\"))"
	},
	{
		"Key": "Spends",
		"Order": "8",
		"Logic": "groupBy(col(\"key\"),col(\"event_id\"),col(\"current_Month_Year\"),col(\"aggregation_Type\"),col(\"plu_Avg_Amount_Last_5Months\"),col(\"plu_Current_Month_Spends\"),col(\"plu_Spends_Category\"),col(\"plu_cat_Avg_Amount_Last_5Months\"),col(\"plu_cat_Current_Month_Spends\")).agg(collect_list(struct(col(\"plu_spends_subCategory\").alias(\"name\"),col(\"plu_subcat_Avg_Amount_Last_5Months\").alias(\"pluAvgAmountLast5Months\"))).alias(\"subCategories\"))"
	},
	{
		"Key": "Spends",
		"Order": "9",
		"Logic": "groupBy(col(\"key\"),col(\"event_id\"),col(\"current_Month_Year\"),col(\"aggregation_Type\"),col(\"plu_Avg_Amount_Last_5Months\"),col(\"plu_Current_Month_Spends\")).agg(collect_list(struct(col(\"plu_Spends_Category\").alias(\"name\"),col(\"plu_cat_Avg_Amount_Last_5Months\").alias(\"pluAvgAmountLast5Months\"),col(\"plu_cat_Current_Month_Spends\").alias(\"pluCurrentMonthSpends\"),col(\"subCategories\"))).alias(\"pluSpendsCategory\"))"
	},
	{
		"Key": "Spends",
		"Order": "10",
		"Logic": "groupBy(col(\"key\"),col(\"event_id\"),col(\"current_Month_Year\")).agg(collect_list(struct(col(\"aggregation_Type\").alias(\"aggregationType\"),col(\"plu_Avg_Amount_Last_5Months\").alias(\"pluAvgAmountLast5Months\"),col(\"plu_Current_Month_Spends\").alias(\"pluCurrentMonthSpends\"),col(\"pluSpendsCategory\"))).alias(\"pluSpends\"))"
	},
	{
		"Key": "Spends",
		"Order": "11",
		"Logic": "withColumn(\"pluSpends\", to_json(col((\"pluSpends\"))))"
	},
	{
		"Key": "Spends",
		"Order": "11",
		"Logic": "withColumn(\"operation\", lit(\"I\"))"
	},
	{
		"Key": "Spends",
		"Order": "12",
		"Logic": "select(\"key\",\"event_id\",\"current_Month_Year\",\"operation\",\"pluSpends\")"
	}

]